{
  "version": "v1",
  "host": "https://e2-demo-field-eng.cloud.databricks.com",
  "remote_path": "/Workspace/Users/jaewoo.park@databricks.com/jw-rag-chat",
  "last_modified_times": {
    ".cursor/rules/기능요건.mdc": "2025-10-28T18:14:31.087405445+09:00",
    ".gitignore": "2025-10-28T16:22:55.776579762+09:00",
    "ARCHITECTURE_AND_PERMISSIONS.md": "2025-10-29T00:20:07.053253117+09:00",
    "BUGFIX_SUMMARY.md": "2025-10-29T00:04:08.369314926+09:00",
    "README.md": "2025-10-29T00:04:08.49218159+09:00",
    "app.py": "2025-10-29T00:12:52.438913236+09:00",
    "app.yaml": "2025-10-28T23:21:05.17412338+09:00",
    "config.py": "2025-10-28T23:26:10.907856784+09:00",
    "env.template": "2025-10-28T16:22:55.776776973+09:00",
    "requirements.txt": "2025-10-28T16:22:55.776646763+09:00",
    "run_local.bat": "2025-10-28T16:22:55.776686013+09:00",
    "run_local.sh": "2025-10-28T16:19:34.390937732+09:00",
    "static/css/style.css": "2025-10-29T00:07:56.233683126+09:00",
    "templates/index.html": "2025-10-29T00:10:32.552111757+09:00"
  },
  "local_to_remote_names": {
    ".cursor/rules/기능요건.mdc": ".cursor/rules/기능요건.mdc",
    ".gitignore": ".gitignore",
    "ARCHITECTURE_AND_PERMISSIONS.md": "ARCHITECTURE_AND_PERMISSIONS.md",
    "BUGFIX_SUMMARY.md": "BUGFIX_SUMMARY.md",
    "README.md": "README.md",
    "app.py": "app.py",
    "app.yaml": "app.yaml",
    "config.py": "config.py",
    "env.template": "env.template",
    "requirements.txt": "requirements.txt",
    "run_local.bat": "run_local.bat",
    "run_local.sh": "run_local.sh",
    "static/css/style.css": "static/css/style.css",
    "templates/index.html": "templates/index.html"
  },
  "remote_to_local_names": {
    ".cursor/rules/기능요건.mdc": ".cursor/rules/기능요건.mdc",
    ".gitignore": ".gitignore",
    "ARCHITECTURE_AND_PERMISSIONS.md": "ARCHITECTURE_AND_PERMISSIONS.md",
    "BUGFIX_SUMMARY.md": "BUGFIX_SUMMARY.md",
    "README.md": "README.md",
    "app.py": "app.py",
    "app.yaml": "app.yaml",
    "config.py": "config.py",
    "env.template": "env.template",
    "requirements.txt": "requirements.txt",
    "run_local.bat": "run_local.bat",
    "run_local.sh": "run_local.sh",
    "static/css/style.css": "static/css/style.css",
    "templates/index.html": "templates/index.html"
  }
}